numberOfQuestion;numberOfCategory;question;answer1;answer2;answer3;answer4;correctAnswer;score
1;1;Столица Франции?;Берлин;Мадрид;Париж;Рим;3;100
2;1;Сколько ног у паука?;6;8;10;12;2;100
3;1;Сколько планет в Солнечной системе?;7;8;9;10;2;100
4;1;Какой океан самый большой?;Атлантический;Индийский;Тихий;Северный Ледовитый;3;100
5;1;Сколько дней в году?;365;360;366;364;1;100
6;1;Какая страна самая большая по площади?;Канада;Россия;США;Китай;2;100
7;1;Сколько хромосом у человека?;44;46;48;42;2;100
8;1;Какая река самая длинная?;Нил;Амазонка;Янцзы;Миссисипи;2;100
9;1;Сколько минут в часе?;50;60;70;100;2;100
10;1;Какая планета ближе всего к Солнцу?;Земля;Венера;Меркурий;Марс;3;100
11;1;Сколько костей у взрослого человека?;206;201;210;180;1;100
12;1;Кто написал «Войну и мир»?;Пушкин;Толстой;Достоевский;Чехов;2;100
13;1;Какой газ мы вдыхаем?;Кислород;Азот;Углекислый газ;Водород;1;100
14;1;Сколько секунд в минуте?;50;60;70;100;2;100
15;1;Какая планета называется красной?;Венера;Марс;Юпитер;Сатурн;2;100
16;1;Сколько цветов в радуге?;5;6;7;8;3;100
17;1;Какой континент самый большой?;Европа;Азия;Африка;Америка;2;100
18;1;Сколько сторон у треугольника?;3;4;5;6;1;100
19;1;Какая столица Германии?;Вена;Берлин;Брюссель;Прага;2;100
20;1;Сколько океанов на Земле?;3;4;5;6;3;100
21;2;Кто открыл закон всемирного тяготения?;Эйнштейн;Ньютон;Галилей;Тесла;2;200
22;2;В каком году началась Вторая мировая война?;1935;1939;1941;1945;2;200
23;2;Сколько зубов у взрослого человека?;28;30;32;34;3;200
24;2;Какой металл жидкий при комнатной температуре?;Железо;Ртуть;Золото;Медь;2;200
25;2;Самый глубокий океанический желоб?;Марианский;Перуанский;Японский;Атлантический;1;200
26;2;Сколько континентов на Земле?;5;6;7;8;3;200
27;2;Кровь переносит кислород с помощью?;Лейкоцитов;Гемоглобина;Плазмы;Тромбоцитов;2;200
28;2;Автор таблицы Менделеева?;Менделеев;Ломоносов;Пастер;Дарвин;1;200
29;2;Столица Японии?;Осака;Токио;Киото;Нагоя;2;200
30;2;Самая большая пустыня мира?;Сахара;Гоби;Калахари;Атакама;1;200
31;2;Сколько периодов в хоккее?;2;3;4;5;2;200
32;2;Орган дыхания человека?;Печень;Лёгкие;Сердце;Почки;2;200
33;2;Самый быстрый человек в мире (100 м)?;Болт;Пауэлл;Гэтлин;Грин;1;200
34;2;Какая кровь является универсальной донорской?;A;B;AB;O;4;200
35;2;Сколько камер в сердце человека?;2;3;4;5;3;200
36;2;Кто написал «Гамлета»?;Шекспир;Гёте;Пушкин;Данте;1;200
37;2;Какой элемент имеет символ O?;Оксид;Кислород;Азот;Углерод;2;200
38;2;Сколько минут в футбольном тайме?;40;45;50;60;2;200
39;2;Какая страна имеет форму сапога?;Греция;Италия;Испания;Турция;2;200
40;2;Как называется ближайшая к Земле звезда?;Сириус;Солнце;Проксима;Вега;2;200
41;3;Какой орган производит инсулин?;Печень;Поджелудочная железа;Желудок;Селезёнка;2;300
42;3;Кто написал «Преступление и наказание»?;Толстой;Достоевский;Чехов;Гоголь;2;300
43;3;Скорость света примерно равна?;300 000 км/с;150 000 км/с;1 000 000 км/с;30 000 км/с;1;300
44;3;Самая длинная кость человека?;Лучевая;Бедренная;Плечевая;Большеберцовая;2;300
45;3;В каком году распался СССР?;1985;1991;1993;2000;2;300
46;3;Какой газ самый распространённый в атмосфере?;Кислород;Азот;Углекислый газ;Аргон;2;300
47;3;Кто открыл Америку?;Магеллан;Колумб;Кук;Веспуччи;2;300
48;3;Сколько сторон у шестиугольника?;5;6;7;8;2;300
49;3;Какая планета самая большая?;Земля;Юпитер;Сатурн;Нептун;2;300
50;3;Сколько игроков в футбольной команде?;10;11;12;9;2;300
51;3;Что изучает биология?;Планеты;Живые организмы;Химические реакции;Физику;2;300
52;3;Кто написал «Евгения Онегина»?;Пушкин;Лермонтов;Толстой;Гоголь;1;300
53;3;Самый прочный природный материал?;Железо;Алмаз;Графит;Соль;2;300
54;3;Какая страна выиграла ЧМ 2018?;Германия;Франция;Бразилия;Испания;2;300
55;3;Сколько костей в черепе человека примерно?;20;22;24;26;2;300
56;3;Какой процесс превращает воду в пар?;Конденсация;Испарение;Плавление;Кристаллизация;2;300
57;3;Кто создал теорию относительности?;Ньютон;Эйнштейн;Галилей;Максвелл;2;300
58;3;Самая высокая гора мира?;К2;Эверест;Канченджанга;Монблан;2;300
59;3;Сколько минут в сутках?;1400;1440;1500;1600;2;300
60;3;Какой океан между Америкой и Европой?;Тихий;Атлантический;Индийский;Северный;2;300
61;4;Какой элемент имеет атомный номер 1?;Гелий;Водород;Кислород;Азот;2;500
62;4;Кто сформулировал закон всемирного тяготения?;Ньютон;Эйнштейн;Галилей;Кеплер;1;500
63;4;Как называется процесс деления клеток?;Фотосинтез;Митоз;Гидролиз;Окисление;2;500
64;4;В каком году началась Первая мировая война?;1912;1914;1916;1918;2;500
65;4;Какой газ используется в фотосинтезе?;Кислород;Углекислый газ;Азот;Метан;2;500
66;4;Сколько пар ребер у человека?;10;11;12;13;3;500
67;4;Какая страна имеет самую большую площадь в Африке?;Египет;Алжир;Судан;Нигерия;2;500
68;4;Что измеряется в амперах?;Напряжение;Сила тока;Сопротивление;Мощность;2;500
69;4;Кто написал «Илиаду»?;Гомер;Вергилий;Софокл;Платон;1;500
70;4;Какой орган фильтрует кровь?;Сердце;Почки;Лёгкие;Печень;2;500
71;4;Сколько градусов в прямом угле?;45;90;180;360;2;500
72;4;Какая планета имеет кольца?;Марс;Юпитер;Сатурн;Венера;3;500
73;4;Как называется наука о грибах?;Ботаника;Микология;Зоология;Экология;2;500
74;4;Кто открыл пенициллин?;Пастер;Флеминг;Кох;Мендель;2;500
75;4;Сколько хромосом у человека?;44;46;48;42;2;500
76;4;Какой металл легче воды?;Железо;Литий;Медь;Свинец;2;500
77;4;Какая река протекает через Париж?;Темза;Сена;Рейн;Дунай;2;500
78;4;Сколько океанов на Земле сейчас официально?;3;4;5;6;3;500
79;4;Что изучает астрономия?;Животных;Космос;Химию;Землю;2;500
80;4;Какой витамин вырабатывается на солнце?;A;B;C;D;4;500
81;5;Какой элемент самый распространённый во Вселенной?;Кислород;Водород;Углерод;Гелий;2;1000
82;5;Как называется единица измерения давления?;Ватт;Паскаль;Джоуль;Ньютон;2;1000
83;5;Кто предложил эволюционную теорию?;Дарвин;Ламарк;Мендель;Линней;1;1000
84;5;Какая кровь считается универсальным реципиентом?;O;A;AB;B;3;1000
85;5;Сколько костей в кисти руки?;20;27;30;25;2;1000
86;5;Что такое pH 7?;Кислота;Щёлочь;Нейтральность;Газ;3;1000
87;5;Какой город был столицей Римской империи?;Афины;Рим;Константинополь;Александрия;2;1000
88;5;Сколько процентов воды в организме человека примерно?;30%;50%;60%;80%;3;1000
89;5;Какой элемент обозначается Fe?;Фтор;Железо;Фосфор;Франций;2;1000
90;5;Что изучает генетика?;Галактики;Наследственность;Горы;Погоду;2;1000
91;5;Кто написал «Фауст»?;Шиллер;Гёте;Кафка;Байрон;2;1000
92;5;Сколько планет-гигантов в Солнечной системе?;2;3;4;5;3;1000
93;5;Какой процесс выделяет энергию в клетке?;Фотосинтез;Дыхание;Испарение;Диффузия;2;1000
94;5;Как называется столица Канады?;Торонто;Оттава;Монреаль;Ванкувер;2;1000
95;5;Что измеряется в герцах?;Сила;Частота;Масса;Давление;2;1000
96;5;Кто открыл структуру ДНК?;Дарвин;Уотсон и Крик;Мендель;Флеминг;2;1000
97;5;Сколько позвонков у человека примерно?;22;33;40;50;2;1000
98;5;Какой океан самый холодный?;Индийский;Северный Ледовитый;Атлантический;Тихий;2;1000
99;5;Какая страна является родиной Олимпийских игр?;Италия;Греция;Египет;Франция;2;1000
100;5;Что такое фотосинтез?;Разрушение клеток;Образование пищи у растений;Дыхание;Рост животных;2;1000
101;6;Какая частица имеет отрицательный заряд?;Протон;Нейтрон;Электрон;Фотон;3;3000
102;6;Какой закон описывает связь силы и ускорения?;Ома;Ньютона;Архимеда;Паскаля;2;3000
103;6;Кто разработал периодическую таблицу?;Менделеев;Дальтон;Лавуазье;Бойль;1;3000
104;6;Как называется процесс распада радиоактивных элементов?;Диффузия;Диссоциация;Радиоактивный распад;Конденсация;3;3000
105;6;Сколько камер имеет сердце рыбы?;2;3;4;5;1;3000
106;6;Какой элемент необходим для дыхания клеток?;Азот;Кислород;Водород;Углерод;2;3000
107;6;Какая скорость звука в воздухе примерно?;340 м/с;1000 м/с;500 м/с;200 м/с;1;3000
108;6;Что изучает термодинамика?;Звёзды;Тепло и энергию;Животных;Клетки;2;3000
109;6;Какой океан самый глубокий в среднем?;Атлантический;Тихий;Индийский;Северный;2;3000
110;6;Кто сформулировал закон сохранения массы?;Ломоносов;Дарвин;Ньютон;Эйнштейн;1;3000
111;6;Как называется самая маленькая единица жизни?;Орган;Клетка;Ткань;Система;2;3000
112;6;Какой элемент является основой органической химии?;Кислород;Углерод;Азот;Водород;2;3000
113;6;Сколько градусов наклон оси Земли?;15°;23,5°;30°;45°;2;3000
114;6;Какой орган отвечает за зрение?;Ухо;Глаз;Нос;Язык;2;3000
115;6;Кто открыл закон Архимеда?;Архимед;Пифагор;Ньютон;Галилей;1;3000
116;6;Как называется процесс испарения с поверхности листьев?;Фотосинтез;Транспирация;Осмос;Диффузия;2;3000
117;6;Сколько пар черепных нервов у человека?;10;12;14;16;2;3000
118;6;Какой металл самый лёгкий?;Литий;Натрий;Алюминий;Магний;1;3000
119;6;Какой континент самый засушливый?;Африка;Австралия;Азия;Южная Америка;2;3000
120;6;Что измеряется в Ньютонах?;Масса;Сила;Энергия;Давление;2;3000
121;7;Какая органелла отвечает за синтез белка?;Лизосома;Рибосома;Ядро;Митохондрия;2;5000
122;7;Какой закон связывает давление и объем газа при постоянной температуре?;Закон Ома;Закон Бойля-Мариотта;Закон Ньютона;Закон Архимеда;2;5000
123;7;Какой элемент имеет атомный номер 8?;Азот;Кислород;Углерод;Фтор;2;5000
124;7;Кто открыл закон электромагнитной индукции?;Фарадей;Ампер;Ом;Герц;1;5000
125;7;Сколько костей в позвоночнике человека?;24;33;40;28;2;5000
126;7;Какой витамин участвует в свёртывании крови?;A;B;C;K;4;5000
127;7;Какой океан самый солёный в среднем?;Тихий;Атлантический;Индийский;Северный Ледовитый;2;5000
128;7;Кто сформулировал законы наследственности?;Мендель;Дарвин;Пастер;Линней;1;5000
129;7;Как называется процесс поглощения воды клеткой?;Осмос;Диффузия;Фотосинтез;Гидролиз;1;5000
130;7;Какая частица в ядре не имеет заряда?;Протон;Нейтрон;Электрон;Ион;2;5000
131;7;Какой металл используется в термометрах (исторически)?;Свинец;Ртуть;Железо;Алюминий;2;5000
132;7;Какой газ образуется при горении углерода?;Кислород;Угарный газ;Углекислый газ;Азот;3;5000
133;7;Кто открыл закон инерции?;Ньютон;Галилей;Эйнштейн;Кеплер;2;5000
134;7;Как называется единица измерения электрического сопротивления?;Ампер;Ом;Ватт;Вольт;2;5000
135;7;Сколько камер имеет сердце млекопитающих?;2;3;4;5;3;5000
136;7;Какой процесс лежит в основе дыхания клеток?;Фотосинтез;Окисление глюкозы;Испарение;Диффузия;2;5000
137;7;Какой элемент самый тяжёлый из стабильных?;Уран;Свинец;Плутоний;Ртуть;2;5000
138;7;Что измеряется в паскалях?;Сила;Давление;Энергия;Масса;2;5000
139;7;Какой континент имеет наибольшее количество стран?;Азия;Африка;Европа;Южная Америка;2;5000
140;7;Какой процесс превращает жидкость в газ?;Конденсация;Испарение;Сублимация;Кристаллизация;2;5000
141;8;Какой закон описывает взаимодействие зарядов?;Ома;Кулона;Фарадея;Ампера;2;10000
142;8;Как называется структура ДНК в виде двойной спирали?;Гелиокс;Двойная спираль;Триплекс;Глобула;2;10000
143;8;Какой элемент образует основу белков?;Углерод;Азот;Кислород;Фосфор;2;10000
144;8;Кто открыл пенициллин?;Флеминг;Пастер;Кох;Мендель;1;10000
145;8;Какой процесс происходит в митохондриях?;Синтез белка;Выработка энергии;Деление ядра;Фотосинтез;2;10000
146;8;Какой газ самый лёгкий?;Кислород;Водород;Азот;Гелий;2;10000
147;8;Сколько пар спинномозговых нервов у человека?;31;30;33;28;1;10000
148;8;Как называется процесс превращения твёрдого вещества в газ?;Испарение;Сублимация;Конденсация;Плавление;2;10000
149;8;Какой элемент обозначается Na?;Калий;Натрий;Азот;Неон;2;10000
150;8;Кто открыл структуру атома?;Резерфорд;Ньютон;Бор;Менделеев;1;10000
151;8;Какой орган регулирует температуру тела?;Печень;Гипоталамус;Почки;Сердце;2;10000
152;8;Какой процесс происходит при делении ядра?;Мейоз;Ядерное деление;Фотосинтез;Диффузия;2;10000
153;8;Что измеряется в герцах?;Сила;Частота;Энергия;Масса;2;10000
154;8;Какой океан самый тёплый в среднем?;Атлантический;Индийский;Тихий;Северный;2;10000
155;8;Какой элемент необходим для костей?;Железо;Кальций;Натрий;Калий;2;10000
156;8;Как называется единица энергии?;Ватт;Джоуль;Ньютон;Ом;2;10000
157;8;Кто открыл радиоактивность?;Беккерель;Резерфорд;Фарадей;Кюри;1;10000
158;8;Какой процесс описывает движение молекул?;Диффузия;Инерция;Гравитация;Магнетизм;1;10000
159;8;Какой витамин синтезируется кожей?;A;B;C;D;4;10000
160;8;Сколько фаз митоза?;2;4;6;8;2;10000
161;9;Какой закон описывает тепловое излучение абсолютно чёрного тела?;Бойля;Планка;Кулона;Ньютона;2;20000
162;9;Какой элемент имеет наибольшую электроотрицательность?;Кислород;Фтор;Азот;Хлор;2;20000
163;9;Какой процесс сопровождается уменьшением энтропии?;Испарение;Кристаллизация;Диффузия;Горение;2;20000
164;9;Кто разработал квантовую теорию?;Планк;Ньютон;Эйнштейн;Фарадей;1;20000
165;9;Какой тип связи в молекуле воды?;Ионная;Ковалентная полярная;Металлическая;Водородная;2;20000
166;9;Сколько аминокислот входит в состав белков человека?;10;20;30;40;2;20000
167;9;Какой органоид отвечает за детоксикацию клетки?;Лизосома;Гладкий ЭПС;Ядро;Рибосома;2;20000
168;9;Какой процесс называется бета-распадом?;Распад ядра с испусканием электрона;Плавление;Испарение;Диффузия;1;20000
169;9;Какой закон связывает давление и температуру газа?;Шарля;Гей-Люссака;Бойля;Ома;2;20000
170;9;Кто открыл нейтрон?;Чедвик;Резерфорд;Бор;Планк;1;20000
171;9;Какой элемент наиболее распространён в земной коре?;Кислород;Кремний;Алюминий;Железо;1;20000
172;9;Какой процесс идёт в фотосинтезе на световой стадии?;Синтез белка;Образование АТФ;Дыхание;Гидролиз;2;20000
173;9;Какой вид излучения имеет наибольшую энергию?;Радиоволны;УФ;Гамма-излучение;Инфракрасное;3;20000
174;9;Сколько нейтронов в углероде-14?;6;7;8;9;3;20000
175;9;Какой процесс называется изотопным распадом?;Химическая реакция;Ядерное превращение;Физическое плавление;Диффузия;2;20000
176;9;Какой элемент используется в ядерных реакторах?;Уран;Железо;Медь;Свинец;1;20000
177;9;Как называется процесс удвоения ДНК?;Транскрипция;Репликация;Трансляция;Мутация;2;20000
178;9;Какая постоянная связана со скоростью света?;Планка;Эйнштейна;Больцмана;Авогадро;2;20000
179;9;Какой океан имеет наибольшую глубину?;Атлантический;Тихий;Индийский;Северный;2;20000
180;9;Какой процесс лежит в основе работы лазера?;Испарение;Стимулированное излучение;Диффузия;Конденсация;2;20000
181;10;Какой закон описывает связь энергии и массы?;Ньютона;Эйнштейна (E=mc^2);Планка;Бора;2;50000
182;10;Какой элемент имеет наибольшую атомную массу среди стабильных?;Свинец;Висмут;Уран;Ртуть;2;50000
183;10;Какой процесс лежит в основе цепной ядерной реакции?;Ионизация;Деление ядер;Слияние атомов;Диффузия;2;50000
184;10;Какой белок переносит кислород в крови?;Альбумин;Гемоглобин;Инсулин;Фибрин;2;50000
185;10;Какой закон описывает давление жидкости на глубине?;Паскаля;Архимеда;Ома;Ньютона;1;50000
186;10;Сколько нуклеотидов в ДНК?;2;3;4;5;3;50000
187;10;Какой процесс происходит в звёздах типа Солнца?;Химическое горение;Термоядерный синтез;Плавление;Окисление;2;50000
188;10;Какой элемент образуется при альфа-распаде?;Уменьшается на 2 протона;Увеличивается масса;Становится газом;Не изменяется;1;50000
189;10;Кто сформулировал принцип неопределённости?;Бор;Гейзенберг;Планк;Эйнштейн;2;50000
190;10;Какой орган регулирует уровень глюкозы?;Печень;Поджелудочная железа;Почки;Сердце;2;50000
191;10;Какой процесс описывает переход электрона между уровнями?;Диффузия;Квантовый переход;Испарение;Реакция;2;50000
192;10;Какой газ имеет наименьшую плотность?;Азот;Водород;Кислород;Гелий;2;50000
193;10;Сколько хромосом у половых клеток человека?;23;46;22;44;1;50000
194;10;Какой процесс приводит к образованию кислоты в атмосфере?;Окисление SO2;Испарение воды;Фотосинтез;Конденсация;1;50000
195;10;Какой закон связывает силу тока и напряжение?;Кулона;Ома;Ампера;Фарадея;2;50000
196;10;Какой элемент используется в термоядерных реакциях?;Уран;Водород (дейтерий/тритий);Железо;Свинец;2;50000
197;10;Какой процесс происходит при образовании мРНК?;Репликация;Транскрипция;Трансляция;Мутация;2;50000
198;10;Какой океан самый глубокий?;Атлантический;Тихий;Индийский;Северный;2;50000
199;10;Какой закон описывает движение планет?;Ньютона;Кеплера;Галилея;Эйнштейна;2;50000
200;10;Какой процесс называется изотермическим?;При постоянной температуре;При постоянном давлении;При изменении массы;При нагреве;1;50000
201;11;Какой процесс описывает деление ядра урана?;Альфа-распад;Ядерное деление;Фотосинтез;Диффузия;2;100000
202;11;Какой элемент имеет 92 протона?;Плутоний;Уран;Торий;Радий;2;100000
203;11;Как называется процесс слияния лёгких ядер?;Радиоактивность;Термоядерный синтез;Диссоциация;Ионизация;2;100000
204;11;Какая частица переносит электромагнитное взаимодействие?;Глюон;Фотон;Бозон Хиггса;Нейтрино;2;100000
205;11;Какой закон описывает спектр излучения абсолютно чёрного тела?;Планка;Бойля;Кулона;Ома;1;100000
206;11;Сколько стадий клеточного цикла?;2;3;4;5;3;100000
207;11;Какой процесс происходит в рибосомах?;Синтез белка;Дыхание;Фотосинтез;Деление ядра;1;100000
208;11;Какой элемент самый тяжёлый из природных стабильных?;Висмут;Уран;Свинец;Ртуть;1;100000
209;11;Какой процесс описывает распад нейтрона?;Бета-распад;Альфа-распад;Гамма-излучение;Фотосинтез;1;100000
210;11;Какой закон описывает электромагнитное поле?;Максвелл;Ньютон;Кеплер;Архимед;1;100000
211;11;Сколько атомов углерода в глюкозе?;4;5;6;7;3;100000
212;11;Какой процесс лежит в основе иммунного ответа?;Фотосинтез;Антиген-антитело реакция;Диффузия;Окисление;2;100000
213;11;Какой органоид содержит собственную ДНК?;Рибосома;Митохондрия;Лизосома;Гольджи;2;100000
214;11;Какой закон связывает частоту и энергию фотона?;Планка;Ома;Архимеда;Ньютона;1;100000
215;11;Какой процесс называется гомеостазом?;Разрушение клеток;Поддержание равновесия организма;Деление клеток;Испарение;2;100000
216;11;Какой элемент используется в полупроводниках?;Кремний;Железо;Медь;Золото;1;100000
217;11;Какой процесс происходит при мейозе?;Удвоение клеток;Образование гамет;Фотосинтез;Окисление;2;100000
218;11;Какой закон описывает сохранение энергии?;Первый закон термодинамики;Закон Ома;Закон Ньютона;Закон Архимеда;1;100000
219;11;Какой тип звёзд наиболее горячий?;Красные карлики;Синие гиганты;Жёлтые звёзды;Белые карлики;2;100000
220;11;Какой процесс приводит к образованию рельефа Земли?;Фотосинтез;Тектоника плит;Испарение;Диффузия;2;100000
221;12;Какой элемент имеет самую высокую плотность?;Осмий;Уран;Свинец;Платина;1;150000
222;12;Какой процесс описывает квантовую запутанность?;Классическая механика;Корреляция квантовых состояний;Гравитация;Теплопередача;2;150000
223;12;Какой закон описывает фотоэффект?;Эйнштейна;Ньютона;Ома;Кулона;1;150000
224;12;Какой процесс происходит при сплайсинге РНК?;Удаление интронов;Деление ядра;Фотосинтез;Окисление;1;150000
225;12;Какой элемент является основой органической жизни?;Азот;Углерод;Кислород;Водород;2;150000
226;12;Какой процесс происходит в темновой фазе фотосинтеза?;Синтез глюкозы;Выделение кислорода;Дыхание;Испарение;1;150000
227;12;Какой закон описывает распределение молекул по энергиям?;Больцмана;Ома;Ньютона;Планка;1;150000
228;12;Какой орган регулирует эндокринную систему?;Гипофиз;Печень;Сердце;Почки;1;150000
229;12;Какой процесс называется конвекцией?;Передача тепла потоками жидкости;Испарение;Диффузия;Сжатие;1;150000
230;12;Какой элемент используется в ядерных батареях?;Плутоний;Уран;Свинец;Железо;1;150000
231;12;Какой процесс происходит при кроссинговере?;Обмен участками хромосом;Деление клетки;Фотосинтез;Окисление;1;150000
232;12;Какой закон описывает движение тел в неинерциальных системах?;Ньютона;Эйнштейна;Кориолиса;Паскаля;3;150000
233;12;Какой процесс отвечает за старение клеток?;Теломеразное укорачивание;Фотосинтез;Диффузия;Гидролиз;1;150000
234;12;Какой элемент наиболее распространён во Вселенной?;Гелий;Водород;Кислород;Углерод;2;150000
235;12;Какой процесс происходит при ?+-распаде?;Протон превращается в нейтрон;Нейтрон исчезает;Испарение;Диффузия;1;150000
236;12;Какой закон описывает энтропию?;Второй закон термодинамики;Ома;Ньютона;Архимеда;1;150000
237;12;Какой процесс лежит в основе памяти?;Синаптическая пластичность;Фотосинтез;Испарение;Диффузия;1;150000
238;12;Какой элемент используется в сверхпроводниках?;Медь;Литий;Ртуть;Железо;3;150000
239;12;Какой процесс происходит при транскрипции?;Синтез РНК;Синтез ДНК;Деление клетки;Окисление;1;150000
240;12;Какой закон описывает гравитацию на больших скоростях?;Ньютона;Общая теория относительности;Ома;Кулона;2;150000
241;13;Какой процесс описывает расщепление ATP?;Гидролиз с высвобождением энергии;Фотосинтез;Диффузия;Окисление;1;250000
242;13;Какой элемент имеет наибольшую атомную массу среди природных стабильных?;Свинец;Висмут;Уран;Торий;2;250000
243;13;Какой закон описывает сохранение импульса?;Ньютона второй закон;Закон сохранения импульса;Закон Ома;Закон Паскаля;2;250000
244;13;Какой процесс происходит в телофазе митоза?;Разрушение ядра;Формирование ядерных оболочек;Фотосинтез;Репликация ДНК;2;250000
245;13;Какой тип связи образуется между молекулами воды?;Ковалентная;Водородная;Ионная;Металлическая;2;250000
246;13;Какой процесс определяет дыхательный коэффициент?;Соотношение CO2 к O2;Деление клеток;Испарение воды;Диффузия газов;1;250000
247;13;Какой элемент является основным в органических молекулах кроме углерода?;Азот;Кислород;Водород;Все перечисленные;4;250000
248;13;Какой процесс происходит при кроссинговере в мейозе I?;Обмен генетическим материалом;Деление ядра;Фотосинтез;Репликация;1;250000
249;13;Какой закон описывает поведение идеального газа?;Бойля-Мариотта;Менделеева-Клапейрона;Ньютона;Ома;2;250000
250;13;Какой процесс лежит в основе иммунологической памяти?;Антитела сохраняются после инфекции;Испарение;Диффузия;Фотосинтез;1;250000
251;13;Какой органоид отвечает за упаковку белков?;Рибосома;Аппарат Гольджи;Ядро;Лизосома;2;250000
252;13;Какой процесс называется осморегуляцией?;Контроль водно-солевого баланса;Деление клеток;Окисление;Фотосинтез;1;250000
253;13;Какой элемент используется в термоядерном синтезе Солнца?;Гелий;Водород;Кислород;Углерод;2;250000
254;13;Какой процесс происходит при рекомбинации ДНК?;Перестройка генетического материала;Испарение;Диффузия;Гидролиз;1;250000
255;13;Какой закон описывает излучение чёрного тела?;Планка;Ньютона;Ома;Кулона;1;250000
256;13;Какой процесс происходит в G1 фазе клеточного цикла?;Рост клетки;Деление ядра;Фотосинтез;Мейоз;1;250000
257;13;Какой элемент имеет конфигурацию 1s? 2s? 2p??;Азот;Кислород;Углерод;Фтор;2;250000
258;13;Какой процесс приводит к образованию АТФ в митохондриях?;Окислительное фосфорилирование;Фотосинтез;Испарение;Диффузия;1;250000
259;13;Какой закон описывает движение планет в эллиптических орбитах?;Ньютона;Кеплера;Галилея;Эйнштейна;2;250000
260;13;Какой процесс называется апоптозом?;Программируемая гибель клетки;Деление клетки;Рост;Фотосинтез;1;250000
261;14;Какой процесс описывает переход электронов в возбужденное состояние?;Ионизация;Квантовое возбуждение;Диффузия;Гидролиз;2;500000
262;14;Какой элемент имеет наибольшую электроотрицательность?;Хлор;Фтор;Кислород;Азот;2;500000
263;14;Какой закон описывает спектральные линии водорода?;Бора;Ньютона;Ома;Архимеда;1;500000
264;14;Какой процесс лежит в основе ПЦР (PCR)?;Амплификация ДНК;Фотосинтез;Испарение;Диффузия;1;500000
265;14;Какой белок образует структуру мышц?;Коллаген;Актин и миозин;Инсулин;Гемоглобин;2;500000
266;14;Какой процесс происходит в S-фазе клеточного цикла?;Синтез ДНК;Деление ядра;Фотосинтез;Апоптоз;1;500000
267;14;Какой закон описывает статистику Ферми-Дирака?;Квантовая статистика фермионов;Гравитация;Теплопередача;Электролиз;1;500000
268;14;Какой процесс называется трансляцией?;Синтез белка по мРНК;Синтез ДНК;Деление клетки;Испарение;1;500000
269;14;Какой элемент используется как основа полупроводников?;Германий;Кремний;Железо;Медь;2;500000
270;14;Какой процесс происходит при изотопном распаде?;Изменение ядра;Испарение;Диффузия;Сжатие;1;500000
271;14;Какой закон описывает квантование энергии?;Планка;Ома;Кулона;Ньютона;1;500000
272;14;Какой процесс отвечает за дифференцировку клеток?;Специализация клеток;Испарение;Деление;Фотосинтез;1;500000
273;14;Какой элемент наиболее распространён в земной коре?;Кислород;Кремний;Алюминий;Железо;1;500000
274;14;Какой процесс происходит при ферментации?;Бескислородное расщепление глюкозы;Фотосинтез;Испарение;Диффузия;1;500000
275;14;Какой закон описывает фотоны как кванты света?;Эйнштейна;Ньютона;Ома;Архимеда;1;500000
276;14;Какой процесс происходит в G2 фазе?;Подготовка к делению;Фотосинтез;Испарение;Диффузия;1;500000
277;14;Какой элемент имеет наибольшее число изотопов?;Уран;Свинец;Кислород;Азот;1;500000
278;14;Какой процесс связан с экспрессией генов?;Синтез белка;Испарение;Диффузия;Плавление;1;500000
279;14;Какой закон описывает термодинамическое равновесие?;Нулевой закон термодинамики;Ома;Кулона;Ньютона;1;500000
280;14;Какой процесс описывает нарушение симметрии в квантовых системах?;Декогеренция;Спонтанное нарушение симметрии;Диффузия;Ионизация;2;500000
281;15;Какой закон описывает связь энтропии и информации?;Больцмана;Шеннона;Ньютона;Ома;2;1000000
282;15;Какой процесс лежит в основе CRISPR?;Редактирование генома;Фотосинтез;Испарение;Диффузия;1;1000000
283;15;Какой элемент имеет наибольшую энергию ионизации?;Неон;Фтор;Гелий;Азот;3;1000000
284;15;Какой процесс описывает квантовую суперпозицию?;Состояние одновременно нескольких состояний;Испарение;Деление клетки;Гравитация;1;1000000
285;15;Какой закон описывает взаимодействие бозонов Хиггса?;Стандартная модель;Ньютона;Ома;Кеплера;1;1000000
286;15;Какой процесс происходит при нейтринной эмиссии в звездах?;Ядерные реакции;Фотосинтез;Диффузия;Испарение;1;1000000
287;15;Какой элемент является наиболее стабильным из трансурановых?;Плутоний;Кюрий;Лоуренсий;Нептуний;1;1000000
288;15;Какой процесс описывает коллапс волновой функции?;Измерение квантовой системы;Испарение;Деление клетки;Гидролиз;1;1000000
289;15;Какой закон описывает инфляционную модель Вселенной?;Космологическая инфляция;Ньютона;Ома;Паскаля;1;1000000
290;15;Какой процесс происходит при аннигиляции частиц?;Превращение в энергию;Испарение;Диффузия;Деление клеток;1;1000000
291;15;Какой элемент имеет максимальную плотность ядра?;Уран;Нейтронная материя;Свинец;Железо;2;1000000
292;15;Какой процесс описывает квантовую запутанность?;Корреляция состояний на расстоянии;Испарение;Диффузия;Гравитация;1;1000000
293;15;Какой закон объединяет электромагнитное и слабое взаимодействие?;Электрослабая теория;Ньютона;Ома;Кеплера;1;1000000
294;15;Какой процесс лежит в основе возникновения жизни?;Химическая эволюция;Испарение;Диффузия;Гидролиз;1;1000000
295;15;Какой элемент используется в реакциях синтеза сверхтяжёлых ядер?;Уран;Свинец;Железо;Кислород;2;1000000
296;15;Какой процесс описывает голографический принцип?;Сохранение информации на границе системы;Испарение;Диффузия;Деление клеток;1;1000000
297;15;Какой закон описывает термодинамику чёрных дыр?;Бекенштейна-Хокинга;Ньютона;Ома;Кулона;1;1000000
298;15;Какой процесс связан с вакуумными флуктуациями?;Рождение виртуальных частиц;Испарение;Диффузия;Гидролиз;1;1000000
299;15;Какой концепт описывает многомировую интерпретацию?;Квантовое разветвление реальностей;Гравитация;Теплопередача;Окисление;1;1000000
300;15;Какой физический принцип запрещает двум фермионам находиться в одном квантовом состоянии?;Принцип Паули;Принцип неопределённости;Принцип суперпозиции;Принцип соответствия;1;1000000
